komentar,clean,normal
video yang bakal tembus 20 juta penonton kalau saja indonesia masuk piala dunia,video yang bakal tembus juta penonton kalau saja indonesia masuk piala dunia,video yang bakal tembus juta penonton kalau saja indonesia masuk piala dunia
Mau nonton tapi masih sakit banget rasanya kalah. Titip komen dulu dah ya,mau nonton tapi masih sakit banget rasanya kalah titip komen dulu dah ya,mau nonton tapi masih sakit banget rasanya kalah titip komen dulu dah ya
gpp...5 thn lagi dicoba... dg pelatih baru dan squad yg tersisa❤,gpp thn lagi dicoba dg pelatih baru dan squad yg tersisa,gpp thn lagi dicoba dg pelatih baru dan squad yang tersisa
Merinding,merinding,merinding
kekalahan paling menyakitkan,kekalahan paling menyakitkan,kekalahan paling menyakitkan
Pecat Kluivert dan turun Eric Tohir dari PSSI kembali kan coach STY,pecat kluivert dan turun eric tohir dari pssi kembali kan coach sty,pecat kluivert dan turun eric tohir dari pssi kembali kan coach sty
Piala dunia 😂😂😂<br>Nonton aja dirmh. Cetak gol sush2 boro2 main pildun,piala dunia brnonton aja dirmh cetak gol sush boro main pildun,piala dunia brnonton aja dirmh cetak gol sush boro main pildun
udah lah kami kecewa,udah lah kami kecewa,udah lah kami kecewa
andai alex pastoor × sty,andai alex pastoor sty,andai alex pastoor sty
PK out,pk out,pk out
🎉🎉🎉,,
"gw pernah bilang kangen video inside timnas (locker room) tapi itu era STY bukan era PK, di era ini justru kaya era SM yang mana timnas mengalami penurunan setelah era LM",gw pernah bilang kangen video inside timnas locker room tapi itu era sty bukan era pk di era ini justru kaya era sm yang mana timnas mengalami penurunan setelah era lm,gw pernah bilang kangen video inside timnas locker room tapi itu era sty bukan era pk di era ini justru kaya era sm yang mana timnas mengalami penurunan setelah era lm
Trimakasih untuk perjuangan garuda <br>Perjuangan blum berakhir. Tetap tegak menuju kberhasilan <br>Kalo bukan hari ini. Bukan tahun ini. <br>Ini tim untuk masa depan. Bravo Timnas kalian pejuang2 terhebat yang tlah membuat kami bangga memiliki Timnas yang maju naik level..,trimakasih untuk perjuangan garuda brperjuangan blum berakhir tetap tegak menuju kberhasilan brkalo bukan hari ini bukan tahun ini brini tim untuk masa depan bravo timnas kalian pejuang terhebat yang tlah membuat kami bangga memiliki timnas yang maju naik level,trimakasih untuk perjuangan garuda brperjuangan blum berakhir tetap tegak menuju kberhasilan brkalo bukan hari ini bukan tahun ini brini tim untuk masa depan bravo timnas kalian pejuang terhebat yang tlah membuat kami bangga memiliki timnas yang maju naik level
"Kluivert out anjing,pelatih tarkam",kluivert out anjingpelatih tarkam,kluivert out anjingpelatih tarkam
Pecat pelatih Kluivert... Please😢,pecat pelatih kluivert please,pecat pelatih kluivert please
Kembalikan Shin Tae-Yong (STY),kembalikan shin taeyong sty,kembalikan shin taeyong sty
Yg milih s patrick jd pelatih kepala timnas !! Fiks sih itu org ter-tolol se indonesia NO DEBAT !!!,yg milih s patrick jd pelatih kepala timnas fiks sih itu org tertolol se indonesia no debat,yang milih s patrick jd pelatih kepala timnas fiks sih itu org tertolol se indonesia no debat
Patrick Kluivert OUT... Sangat tidak cocok melatih timnas.. strateginya mudah dibaca lawan..,patrick kluivert out sangat tidak cocok melatih timnas strateginya mudah dibaca lawan,patrick kluivert out sangat tidak cocok melatih timnas strateginya mudah dibaca lawan
Patrik out please,patrik out please,patrik out please
Pelatih dan erik tohir bngsat,pelatih dan erik tohir bngsat,pelatih dan erik tohir bngsat
Harus bisa kita curi akibat pelatih Petrickout susunan pemain yang begitu kurang memuaskan klok Yacob Beckham nilai kamu di lapangan 5 kamu masih belum cocok untuk pemain piala dunia pemain aja bnyk gak respect apalagi publik kecewa dengan gaya permainan loe,harus bisa kita curi akibat pelatih petrickout susunan pemain yang begitu kurang memuaskan klok yacob beckham nilai kamu di lapangan kamu masih belum cocok untuk pemain piala dunia pemain aja bnyk gak respect apalagi publik kecewa dengan gaya permainan loe,harus bisa kita curi akibat pelatih petrickout susunan pemain yang begitu kurang memuaskan klok yacob beckham nilai kamu di lapangan kamu masih belum cocok untuk pemain piala dunia pemain aja bnyk gak respect apalagi publik kecewa dengan gaya permainan loe
MEWAH DOANG.. ENGGAK PUNYA GAMEPLAY GUNANYA APA SEDUNGU ITUKAH DIPERTANDINGAN SEKRUSIALL ITU TIDAK BISA MEMBACA PERMAINAN,mewah doang enggak punya gameplay gunanya apa sedungu itukah dipertandingan sekrusiall itu tidak bisa membaca permainan,mewah doang enggak punya gameplay gunanya apa sedungu itukah dipertandingan sekrusiall itu tidak bisa membaca permainan
Patrick Kluivert kunciin di WC biar enggak experimen lagi si KLUIVRET,patrick kluivert kunciin di wc biar enggak experimen lagi si kluivret,patrick kluivert kunciin di wc biar enggak experimen lagi si kluivret
نأمل أن تحدث معجزة لإندونيسيا,,
Bismillah optimis 3 point 🇮🇩,bismillah optimis point,bismillah optimis point
respect dngerin sholawatan di tanah suci Arab.. kita sodara sebagai seiman,respect dngerin sholawatan di tanah suci arab kita sodara sebagai seiman,respect dngerin sholawatan di tanah suci arab kita sodara sebagai seiman
Yg Saya takutkan sekarang bukannya wasit.. Tapi pelatih kita sendiri 😅,yg saya takutkan sekarang bukannya wasit tapi pelatih kita sendiri,yang saya takutkan sekarang bukannya wasit tapi pelatih kita sendiri
"Tugas berat penentuan. Ini indonesia, maju tak gentar. Pakai saja amunisi naturalisasi semua gpp.demi bangsa",tugas berat penentuan ini indonesia maju tak gentar pakai saja amunisi naturalisasi semua gppdemi bangsa,tugas berat penentuan ini indonesia maju tak gentar pakai saja amunisi naturalisasi semua gppdemi bangsa
Banyak2 berdoa kawan,banyak berdoa kawan,banyak berdoa kawan
Taktik kocak ala patrik,taktik kocak ala patrik,taktik kocak ala patrik
Beckham kebanyakan ritual pegang rumput 😂,beckham kebanyakan ritual pegang rumput,beckham kebanyakan ritual pegang rumput
"Semoga Allah SWT Memberikan kemenangan Indonesia 🇲🇨 atas Irak,<br><br>Dan semoga Allah SWT Memberikan kekuatan Hingga 90 Menit kepada Para Pemain Yg berlaga Pagi ini Dan dijauhkan dari segala kecurangan Wasit., <br><br>Aaamminn ya Allah ya Robb,🤲🤲 Tetap Semgat Menuju world cup 2026 Didepan Mata,<br>Pantang Menyerah Sebelum Berperang.,💪🏻💪🏻💪🏻💪🏻🇲🇨🇲🇨🇲🇨🦅🦅🦅",semoga allah swt memberikan kemenangan indonesia atas irakbrbrdan semoga allah swt memberikan kekuatan hingga menit kepada para pemain yg berlaga pagi ini dan dijauhkan dari segala kecurangan wasit brbraaamminn ya allah ya robb tetap semgat menuju world cup didepan matabrpantang menyerah sebelum berperang,semoga allah swt memberikan kemenangan indonesia atas irakbrbrdan semoga allah swt memberikan kekuatan hingga menit kepada para pemain yang berlaga pagi ini dan dijauhkan dari segala kecurangan wasit brbraaamminn ya allah ya robb tetap semgat menuju world cup didepan matabrpantang menyerah sebelum berperang
"Yakop ,yance, bekam ,klok wajib maen..karena mereka timnas bisa juara",yakop yance bekam klok wajib maenkarena mereka timnas bisa juara,yakop yance bekam klok wajib maenkarena mereka timnas bisa juara
Allahuma soliwasalim wabarik alaih solu alaih,allahuma soliwasalim wabarik alaih solu alaih,allahuma soliwasalim wabarik alaih solu alaih
Kadang mau nangis timnas Di obok2 Di PSSI😭😭,kadang mau nangis timnas di obok di pssi,kadang mau nangis timnas di obok di pssi
"Semoga trio idzes, Ridho, hubner diturunin sama coach patrick amin.",semoga trio idzes ridho hubner diturunin sama coach patrick amin,semoga trio idzes ridho hubner diturunin sama coach patrick amin
PLS 3-0 BUAT AMANIN POINT YANG LEBIH AMAN,pls buat amanin point yang lebih aman,pls buat amanin point yang lebih aman
Ahhh sudahla...,ahhh sudahla,ahhh sudahla
Kembalikan STY tolong,kembalikan sty tolong,kembalikan sty tolong
Trima kasih yakob dan marc klok yang sudah mengubur mimpi timnas indonesia lolos piala dunia😢,trima kasih yakob dan marc klok yang sudah mengubur mimpi timnas indonesia lolos piala dunia,trima kasih yakob dan marc klok yang sudah mengubur mimpi timnas indonesia lolos piala dunia
Tangan hampa Broo teamnas Garuda zonk 😂😂😂😂😂,tangan hampa broo teamnas garuda zonk,tangan hampa broo teamnas garuda zonk
"Pemain lokal tarkam gak usah dipanggil timnas lagi cuma jadi beban tim aja, pssi harus cari 30 pemain diaspora di seluruh pnjuru dunia",pemain lokal tarkam gak usah dipanggil timnas lagi cuma jadi beban tim aja pssi harus cari pemain diaspora di seluruh pnjuru dunia,pemain lokal tarkam gak usah dipanggil timnas lagi cuma jadi beban tim aja pssi harus cari pemain diaspora di seluruh pnjuru dunia
"Pertandingan yang sulit, tp saya optimis Indonesia kalah, karna realistis aja dengan main kaya kemarin jauh deh buat menang.. Jangan kebanyakan mimpi bangun woiiii indo gak pernah menang lawan Irak. 😂",pertandingan yang sulit tp saya optimis indonesia kalah karna realistis aja dengan main kaya kemarin jauh deh buat menang jangan kebanyakan mimpi bangun woiiii indo gak pernah menang lawan irak,pertandingan yang sulit tapi saya optimis indonesia kalah karna realistis aja dengan main kaya kemarin jauh deh buat menang jangan kebanyakan mimpi bangun woiiii indo gak pernah menang lawan irak
sampai jumpa di 4 tahun depan 😢,sampai jumpa di tahun depan,sampai jumpa di tahun depan
Bibarkati.. bismillah,bibarkati bismillah,bibarkati bismillah
"Pertandingan lawan iraq dipimpin oleh wasit yang memberi Qatar 3 penalti saat final piala Asia Vs Jordania. Firasat saya kalaupun wasit itu menghadiahi kita 3 penalti tapi irak akan mencetak 4 atau 5 gol, karena pelatih kita The special one.. PATRICK KLUIVERT 🔥😂",pertandingan lawan iraq dipimpin oleh wasit yang memberi qatar penalti saat final piala asia vs jordania firasat saya kalaupun wasit itu menghadiahi kita penalti tapi irak akan mencetak atau gol karena pelatih kita the special one patrick kluivert,pertandingan lawan iraq dipimpin oleh wasit yang memberi qatar penalti saat final piala asia vs jordania firasat saya kalaupun wasit itu menghadiahi kita penalti tapi irak akan mencetak atau gol karena pelatih kita the special one patrick kluivert
Tolong jgn pake formasi towel lagi,tolong jgn pake formasi towel lagi,tolong jgn pake formasi towel lagi
Wajahnya kok terlihat tidak semangat ya!!,wajahnya kok terlihat tidak semangat ya,wajahnya kok terlihat tidak semangat ya
Mau menang mau kagak Petrik harus out setuju angkat jempol,mau menang mau kagak petrik harus out setuju angkat jempol,mau menang mau kagak petrik harus out setuju angkat jempol
MATCHDAY IN JEDDAH ❌ <br>MAFIA IN JEDDAH ✅,matchday in jeddah brmafia in jeddah,matchday in jeddah brmafia in jeddah
Jujur SJ wkt Indonesia dikasih hadiah finalti dan di eksekusi Kevin diks tanpa sadar air mata ini langsung menetes karna saking senangnya😭dan berharap Indonesia lolos piala dunia😭 tapi berjalannya pertandingan sampai selesai ternyata Indonesia kalah😭 ini hati sedihnya mnt ampun😭 sampe nangis,jujur sj wkt indonesia dikasih hadiah finalti dan di eksekusi kevin diks tanpa sadar air mata ini langsung menetes karna saking senangnyadan berharap indonesia lolos piala dunia tapi berjalannya pertandingan sampai selesai ternyata indonesia kalah ini hati sedihnya mnt ampun sampe nangis,jujur sj wkt indonesia dikasih hadiah finalti dan di eksekusi kevin diks tanpa sadar air mata ini langsung menetes karna saking senangnyadan berharap indonesia lolos piala dunia tapi berjalannya pertandingan sampai selesai ternyata indonesia kalah ini hati sedihnya mnt ampun sampe nangis
terus lah bermimpi jangan bangun😅,terus lah bermimpi jangan bangun,terus lah bermimpi jangan bangun
"assalamu’alaikum dari arab saudi 🤝<br>semoga timnas indonesia sukses lawan irak! kalau saudi lolos langsung, semoga indonesia bisa finis di posisi kedua dan lanjut ke playoff antar benua biar tembus piala dunia. kalian pantas banget — rakyatnya baik, fans-nya luar biasa, timnya juga keren banget! 🙌",assalamualaikum dari arab saudi brsemoga timnas indonesia sukses lawan irak kalau saudi lolos langsung semoga indonesia bisa finis di posisi kedua dan lanjut ke playoff antar benua biar tembus piala dunia kalian pantas banget rakyatnya baik fansnya luar biasa timnya juga keren banget,assalamualaikum dari arab saudi brsemoga timnas indonesia sukses lawan irak kalau saudi lolos langsung semoga indonesia bisa finis di posisi kedua dan lanjut ke playoff antar benua biar tembus piala dunia kalian pantas banget rakyatnya baik fansnya luar biasa timnya juga keren banget
"Mainkan Egy dia sudah improve, insyallah",mainkan egy dia sudah improve insyallah,mainkan egy dia sudah improve insyallah
Just play proven system,just play proven system,just play proven system
"Paes, ridho, idzes, hubner, diks, james, Haye, pelupesy, verdonk, oeratmangun, Ole.<br><br>selebihnya duduk manis dibangku dlu ya....termasuk si Kluivert, gk ush di dlm tribun aja....karna gw udh males ngeliat mukanye.",paes ridho idzes hubner diks james haye pelupesy verdonk oeratmangun olebrbrselebihnya duduk manis dibangku dlu yatermasuk si kluivert gk ush di dlm tribun ajakarna gw udh males ngeliat mukanye,paes ridho idzes hubner diks james haye pelupesy verdonk oeratmangun olebrbrselebihnya duduk manis dibangku dlu yatermasuk si kluivert tidak ush di dlm tribun ajakarna gw udh males ngeliat mukanye
"Yaaaaa aampuuunn nih sama patrick cs.. sampe masih aja yakob,klock,beckham di maenin.. sampe kalah lawan irak mending pecat patrick cs..",yaaaaa aampuuunn nih sama patrick cs sampe masih aja yakobklockbeckham di maenin sampe kalah lawan irak mending pecat patrick cs,yaaaaa aampuuunn nih sama patrick cs sampe masih aja yakobklockbeckham di maenin sampe kalah lawan irak mending pecat patrick cs
Selamat para pejuang.,selamat para pejuang,selamat para pejuang
Bismillah 🇮🇩,bismillah,bismillah
4 gol terjadi vs irak,gol terjadi vs irak,gol terjadi vs irak
"Emil Audero/Maarten Paes/Ernando Ari/Nadeo<br><br>Sandy Walsh/Mees Hilgers/Shayne Pattynama, Kevin Diks, Jay Idzes, Rizky Ridho, Calvin Verdonk/Dean James/Pratama Arhan<br><br>Joey Pelupessy, Thom Haye/Ricky Kambuaya/Ivar Jenner<br><br>Miliano Jonathans/Witan, Olè Romeny, Marselino Ferdinan/Eliano Reijnders/Ragnar Oratmangoen/Egy Maulana Vikri<br><br>5-2-2-1 lawan Saudi &amp; Iraq",emil auderomaarten paesernando arinadeobrbrsandy walshmees hilgersshayne pattynama kevin diks jay idzes rizky ridho calvin verdonkdean jamespratama arhanbrbrjoey pelupessy thom hayericky kambuayaivar jennerbrbrmiliano jonathanswitan ol romeny marselino ferdinaneliano reijndersragnar oratmangoenegy maulana vikribrbr lawan saudi amp iraq,emil auderomaarten paesernando arinadeobrbrsandy walshmees hilgersshayne pattynama kevin diks jay idzes rizky ridho calvin verdonkdean jamespratama arhanbrbrjoey pelupessy thom hayericky kambuayaivar jennerbrbrmiliano jonathanswitan ol romeny marselino ferdinaneliano reijndersragnar oratmangoenegy maulana vikribrbr lawan saudi amp iraq
sholawatan sek lurr,sholawatan sek lurr,sholawatan sek lurr
"Apa pun hasilnya, kami tetap bangga pada kalian. Usaha dan ketulusan kalian jauh lebih berharga dari sekadar hasil. Terima kasih sudah memberikan yang terbaik 🤍",apa pun hasilnya kami tetap bangga pada kalian usaha dan ketulusan kalian jauh lebih berharga dari sekadar hasil terima kasih sudah memberikan yang terbaik,apa pun hasilnya kami tetap bangga pada kalian usaha dan ketulusan kalian jauh lebih berharga dari sekadar hasil terima kasih sudah memberikan yang terbaik
"Please jngan mainkan mark klok, beckham",please jngan mainkan mark klok beckham,please jngan mainkan mark klok beckham
kabarnya beckham dan klok cedera dan tidak bisa main nanti malam. <br><br>sebuah kerugian besar buat timnas irak ✅,kabarnya beckham dan klok cedera dan tidak bisa main nanti malam brbrsebuah kerugian besar buat timnas irak,kabarnya beckham dan klok cedera dan tidak bisa main nanti malam brbrsebuah kerugian besar buat timnas irak
"Vibes nya udah serasa timnas Indonesia main di piala dunia 2026,,",vibes nya udah serasa timnas indonesia main di piala dunia,vibes nya udah serasa timnas indonesia main di piala dunia
Ayooooo fokusssssssss,ayooooo fokusssssssss,ayooooo fokusssssssss
Saya harap para pemain di sesuaikan dan di tempatkan pada aslinya mereka main sehingga kenyamanan bermain akan terbangun rapi.,saya harap para pemain di sesuaikan dan di tempatkan pada aslinya mereka main sehingga kenyamanan bermain akan terbangun rapi,saya harap para pemain di sesuaikan dan di tempatkan pada aslinya mereka main sehingga kenyamanan bermain akan terbangun rapi
Ayo pulang marilah pulang marilah pulang bersama2 😂😂,ayo pulang marilah pulang marilah pulang bersama,ayo pulang marilah pulang marilah pulang bersama
"Serahin sama coach Pastoor. kalah juga gak marah netizen. karna emang ngebenahin sesuatu yg udah kusut emang susah, kusut nya di mulai dari laga Australis vs Indonesia. seandainya gak coba-coba mungkin kita gak akan bertanding disini skrg. udah duduk manis di depan layar sambil nonton yg belum lolos. sayangnya kita tidak puas terjerembab di lubang yang sama hanya sekali",serahin sama coach pastoor kalah juga gak marah netizen karna emang ngebenahin sesuatu yg udah kusut emang susah kusut nya di mulai dari laga australis vs indonesia seandainya gak cobacoba mungkin kita gak akan bertanding disini skrg udah duduk manis di depan layar sambil nonton yg belum lolos sayangnya kita tidak puas terjerembab di lubang yang sama hanya sekali,serahin sama coach pastoor kalah juga gak marah netizen karna emang ngebenahin sesuatu yang udah kusut emang susah kusut nya di mulai dari laga australis vs indonesia seandainya gak cobacoba mungkin kita gak akan bertanding disini skrg udah duduk manis di depan layar sambil nonton yang belum lolos sayangnya kita tidak puas terjerembab di lubang yang sama hanya sekali
"Mending panggil sadiki ramdhani di bandingkan klok/beckham, punya power, penjelajah, skill, teknikal",mending panggil sadiki ramdhani di bandingkan klokbeckham punya power penjelajah skill teknikal,mending panggil sadiki ramdhani di bandingkan klokbeckham punya power penjelajah skill teknikal
"timnas aja bermaulid, yg anti maulid nonton ini gimana ya reaksinya hahaha 😂",timnas aja bermaulid yg anti maulid nonton ini gimana ya reaksinya hahaha,timnas aja bermaulid yang anti maulid nonton ini gimana ya reaksinya hahaha
PatrickOut,patrickout,patrickout
Pengen dah kerja jadi kitman gitu seru kali yaa 😂😂,pengen dah kerja jadi kitman gitu seru kali yaa,pengen dah kerja jadi kitman gitu seru kali yaa
Erick Thohir berkata...tidak usah saling mnyalahkan....sypa suruh kalian mimpi untuk piala dunia...😂😂😂...<br>Lebih baik bermimpi aja biar bUMn semakin membaik.,erick thohir berkatatidak usah saling mnyalahkansypa suruh kalian mimpi untuk piala duniabrlebih baik bermimpi aja biar bumn semakin membaik,erick thohir berkatatidak usah saling mnyalahkansypa suruh kalian mimpi untuk piala duniabrlebih baik bermimpi aja biar bumn semakin membaik
Semenjak pelatinya raja judi petrik sekarang nggak antusias banget liat Timnas,semenjak pelatinya raja judi petrik sekarang nggak antusias banget liat timnas,semenjak pelatinya raja judi petrik sekarang tidak antusias banget liat timnas
Gak nyangka Patrick begitu gobloknya masukin Beckham dan marklok starter duluan 😂😂😂😂,gak nyangka patrick begitu gobloknya masukin beckham dan marklok starter duluan,gak nyangka patrick begitu gobloknya masukin beckham dan marklok starter duluan
Gw sangat yakin timnas menang dgn selisih 2 gol asalkan line-up yg diturunkan benar2 pemain terbaik dan layak utk main!,gw sangat yakin timnas menang dgn selisih gol asalkan lineup yg diturunkan benar pemain terbaik dan layak utk main,gw sangat yakin timnas menang dgn selisih gol asalkan lineup yang diturunkan benar pemain terbaik dan layak utk main
"Yakob ,yance ,beckam,marklok Out jangan di mainin",yakob yance beckammarklok out jangan di mainin,yakob yance beckammarklok out jangan di mainin
Filing gak enak,filing gak enak,filing gak enak
OUT PATRICK KLUIVERT,out patrick kluivert,out patrick kluivert
timnas Indonesia kita cuma punya satu nyawa sekarang untuk menuju piala dunia.. tolong fokus.. 😂,timnas indonesia kita cuma punya satu nyawa sekarang untuk menuju piala dunia tolong fokus,timnas indonesia kita cuma punya satu nyawa sekarang untuk menuju piala dunia tolong fokus
Ngapain bikin konten min?kami lagi sedih malah nambah nambahin😥,ngapain bikin konten minkami lagi sedih malah nambah nambahin,ngapain bikin konten minkami lagi sedih malah nambah nambahin
"Pemain kaya Lilipaly bahkan di panggil ke Round 4 pun sebenernya ga layak, apalagi masuk DSP kaya kemarin, pemain kaya Nathan malah ga dimasukin ke DSP, aneh",pemain kaya lilipaly bahkan di panggil ke round pun sebenernya ga layak apalagi masuk dsp kaya kemarin pemain kaya nathan malah ga dimasukin ke dsp aneh,pemain kaya lilipaly bahkan di panggil ke round pun sebenernya tidak layak apalagi masuk dsp kaya kemarin pemain kaya nathan malah tidak dimasukin ke dsp aneh
"kiper : Martin pas<br>belakang : Jay , Ridho, Jastin<br>Kiri : Verdonk<br>kanan : Kelvin dik<br>Tengah : Joy &amp; Haye<br>penyerang : Ole , Jonatan , Ragnar <br><br>🔥 🔥 🔥",kiper martin pasbrbelakang jay ridho jastinbrkiri verdonkbrkanan kelvin dikbrtengah joy amp hayebrpenyerang ole jonatan ragnar brbr,kiper martin pasbrbelakang jay ridho jastinbrkiri verdonkbrkanan kelvin dikbrtengah joy amp hayebrpenyerang ole jonatan ragnar brbr
Plis jngan hujat pemain ...<br>Tetep yg slh itu pelatih ..<br>Dikasi diaspora k pakek super Lik..<br>Kalah menang pasang muka datar..👊👊👊🤲,plis jngan hujat pemain brtetep yg slh itu pelatih brdikasi diaspora k pakek super likbrkalah menang pasang muka datar,plis jngan hujat pemain brtetep yang slh itu pelatih brdikasi diaspora k pakek super likbrkalah menang pasang muka datar
Balikin STY,balikin sty,balikin sty
Allahhuma sholi ala sayidina muhammad indonesia menang 4-0🎉,allahhuma sholi ala sayidina muhammad indonesia menang,allahhuma sholi ala sayidina muhammad indonesia menang
Saya percaya<br>Timnas kita<br>mampu gasak Irak<br>materi pemain²<br>sudah dilevel yg sama<br>tinggal bagaimana <br>coach Patrick <br>pintar membaca<br>kondisi pemain<br>yg akan diturunkan<br>Klok dan becham<br>di bench aja<br>Semangat Garuda<br>insyaallah kita<br>ke piala dunia🏆 <br>Aamiin 🤲,saya percayabrtimnas kitabrmampu gasak irakbrmateri pemainbrsudah dilevel yg samabrtinggal bagaimana brcoach patrick brpintar membacabrkondisi pemainbryg akan diturunkanbrklok dan bechambrdi bench ajabrsemangat garudabrinsyaallah kitabrke piala dunia braamiin,saya percayabrtimnas kitabrmampu gasak irakbrmateri pemainbrsudah dilevel yang samabrtinggal bagaimana brcoach patrick brpintar membacabrkondisi pemainbryg akan diturunkanbrklok dan bechambrdi bench ajabrsemangat garudabrinsyaallah kitabrke piala dunia braamiin
"apapun hasilnya nanti janganlah saling menyalahkan mereka sudah berusaha semaksimal mungkin , sisakan ruang untuk ikhlas🇲🇨",apapun hasilnya nanti janganlah saling menyalahkan mereka sudah berusaha semaksimal mungkin sisakan ruang untuk ikhlas,apapun hasilnya nanti janganlah saling menyalahkan mereka sudah berusaha semaksimal mungkin sisakan ruang untuk ikhlas
"yang awal dikuatirin wasit, eh ternyata harus lebih kuatir ke pelatih sendiri",yang awal dikuatirin wasit eh ternyata harus lebih kuatir ke pelatih sendiri,yang awal dikuatirin wasit eh ternyata harus lebih kuatir ke pelatih sendiri
rumah PK bisa di jarah gk ... tolol banget keak anggota DPR,rumah pk bisa di jarah gk tolol banget keak anggota dpr,rumah pk bisa di jarah tidak tolol banget keak anggota dpr
"Tim ini potensinya besar, namun pelatihnya level amatir di eropa",tim ini potensinya besar namun pelatihnya level amatir di eropa,tim ini potensinya besar namun pelatihnya level amatir di eropa
"Wes Ojo kakean alasan,,musuh Iran kudu menang,,kalah gk usah balik Kabeh Nang Indonesia",wes ojo kakean alasanmusuh iran kudu menangkalah gk usah balik kabeh nang indonesia,wes ojo kakean alasanmusuh iran kudu menangkalah tidak usah balik kabeh nang indonesia
"we believe ,,, bermain dengan bangga , penuh rasa percaya, demi lambang Garuda di dada .. bismillah Indonesia menang atas Irak ,, we believe",we believe bermain dengan bangga penuh rasa percaya demi lambang garuda di dada bismillah indonesia menang atas irak we believe,we believe bermain dengan bangga penuh rasa percaya demi lambang garuda di dada bismillah indonesia menang atas irak we believe
Sudah sampai dititik ini.. kita hanya bisa mendukung dengan tulus apapun hasil nya,sudah sampai dititik ini kita hanya bisa mendukung dengan tulus apapun hasil nya,sudah sampai dititik ini kita hanya bisa mendukung dengan tulus apapun hasil nya
"boss memang kita emang gak bs muluk2 ke PD26, tapi kalo bisa diusahakan kenapa malah nyeleneh sattttt!!!!!<br>secara game kemarin sebenernya 100% bisa dimenangin kalo strateginya BENER!!!",boss memang kita emang gak bs muluk ke pd tapi kalo bisa diusahakan kenapa malah nyeleneh satttttbrsecara game kemarin sebenernya bisa dimenangin kalo strateginya bener,boss memang kita emang gak bs muluk ke pd tapi kalo bisa diusahakan kenapa malah nyeleneh satttttbrsecara game kemarin sebenernya bisa dimenangin kalo strateginya bener
Terima kasih...,terima kasih,terima kasih
Last Hope.....timnas show your quality 😊,last hopetimnas show your quality,last hopetimnas show your quality
"Pemain Liga 1 di skip atau jgn di mainkan kecuali Riski Ridho, Jika msh berharap Masuk Pildun Laga krusial",pemain liga di skip atau jgn di mainkan kecuali riski ridho jika msh berharap masuk pildun laga krusial,pemain liga di skip atau jgn di mainkan kecuali riski ridho jika msh berharap masuk pildun laga krusial
Pssi dan jajaran nya tai lah,pssi dan jajaran nya tai lah,pssi dan jajaran nya tai lah
Takut banget sama line up lawan IRAK 😢😢,takut banget sama line up lawan irak,takut banget sama line up lawan irak
"Bismillah barokah sholawat, bibarkatil musthofa rasulillah saw, semoga Indonesia Menang Lawan Irak 2-0 Biidznillah..Alfatihah...",bismillah barokah sholawat bibarkatil musthofa rasulillah saw semoga indonesia menang lawan irak biidznillahalfatihah,bismillah barokah sholawat bibarkatil musthofa rasulillah saw semoga indonesia menang lawan irak biidznillahalfatihah
Tuhan Yesus semoga menang Tuhan dan lolos aminn❤😊,tuhan yesus semoga menang tuhan dan lolos aminn,tuhan yesus semoga menang tuhan dan lolos aminn
Bismilah yakop sayuri jgn maen sma klok,bismilah yakop sayuri jgn maen sma klok,bismilah yakop sayuri jgn maen sma klok
Beckham Klok Eliano Haye Kecapean Baru pulang dari Bangkok,beckham klok eliano haye kecapean baru pulang dari bangkok,beckham klok eliano haye kecapean baru pulang dari bangkok
"Cemana mau menang kalau pelatihnya begini, tidak memberikan peforma terbaik, dan tidak melihat situasi tim mana yang cocok bertanding di lapangan",cemana mau menang kalau pelatihnya begini tidak memberikan peforma terbaik dan tidak melihat situasi tim mana yang cocok bertanding di lapangan,cemana mau menang kalau pelatihnya begini tidak memberikan peforma terbaik dan tidak melihat situasi tim mana yang cocok bertanding di lapangan
Semoga Indonesia bisa menang lawan irak dan Indonesia ngegolin 3 4gol Aamiin,semoga indonesia bisa menang lawan irak dan indonesia ngegolin gol aamiin,semoga indonesia bisa menang lawan irak dan indonesia ngegolin gol aamiin
"Hati-hati Patrick main sambun lagi, pakai skema 4-3-3, pasti kalah",hatihati patrick main sambun lagi pakai skema pasti kalah,hatihati patrick main sambun lagi pakai skema pasti kalah
"CORET YAKOB,KLOK,BEKAM",coret yakobklokbekam,coret yakobklokbekam
PECAT PATRIK IRENG... GAK BECUS JD PELATIH. PEMAIN PEMAIN AMPAS LAPIS 3 KOQ BISA BISANYA DIMAINKAN DI LAGA PENTING.. CUIHHH,pecat patrik ireng gak becus jd pelatih pemain pemain ampas lapis koq bisa bisanya dimainkan di laga penting cuihhh,pecat patrik ireng gak becus jd pelatih pemain pemain ampas lapis koq bisa bisanya dimainkan di laga penting cuihhh
"Erik Tohir LG bhgia bgt, Krn pelatih yg di rekutnya bagus bisa kalah sama arab",erik tohir lg bhgia bgt krn pelatih yg di rekutnya bagus bisa kalah sama arab,erik tohir lg bhgia banget krn pelatih yang di rekutnya bagus bisa kalah sama arab
Kuasai dulu Asean lawan Thailand aja masih ngos ngosan malah bermimpi  mau di piala dunia jangan giliran lolos pildun jadi lumbung gol lawan pun jadi malas cetak gol 😂😂😂😂😂,kuasai dulu asean lawan thailand aja masih ngos ngosan malah bermimpi mau di piala dunia jangan giliran lolos pildun jadi lumbung gol lawan pun jadi malas cetak gol,kuasai dulu asean lawan thailand aja masih ngos ngosan malah bermimpi mau di piala dunia jangan giliran lolos pildun jadi lumbung gol lawan pun jadi malas cetak gol
Beckam klok gak usah masuk line up...kacauu gak bisa maen,beckam klok gak usah masuk line upkacauu gak bisa maen,beckam klok gak usah masuk line upkacauu gak bisa maen
Line up yg bagus please,line up yg bagus please,line up yang bagus please
"Jangan turunkan pemain liga 1 seperti beckam dan klok, untuk bek tengah serahkan ridho",jangan turunkan pemain liga seperti beckam dan klok untuk bek tengah serahkan ridho,jangan turunkan pemain liga seperti beckam dan klok untuk bek tengah serahkan ridho
ITU YG NGOMONG JOWO MAS NADEO SAMA RIDHO KAH?,itu yg ngomong jowo mas nadeo sama ridho kah,itu yang ngomong jowo mas nadeo sama ridho kah
Banyak pemain-pemain Naturalisasi malah mainin lokal <br>buat apa Naturalisasi kocak pelatih parly😅😅,banyak pemainpemain naturalisasi malah mainin lokal brbuat apa naturalisasi kocak pelatih parly,banyak pemainpemain naturalisasi malah mainin lokal brbuat apa naturalisasi kocak pelatih parly
Bismillah semoga menang... Tolong sayuri sama klok jangan dimainin,bismillah semoga menang tolong sayuri sama klok jangan dimainin,bismillah semoga menang tolong sayuri sama klok jangan dimainin
"Dah males kebanyakan drama, cape deh, cape ganti platih bukan makin bener makin ancooorrr",dah males kebanyakan drama cape deh cape ganti platih bukan makin bener makin ancooorrr,dah males kebanyakan drama cape deh cape ganti platih bukan makin bener makin ancooorrr
pssi kenapa kalian memonopoli media dan liputan dari jurnalis? timnas milik rakyat Indonesia bukan milik pssi. pssi hanya pemegang mandat untuk mengelola sepak bola Indonesia. shame on you,pssi kenapa kalian memonopoli media dan liputan dari jurnalis timnas milik rakyat indonesia bukan milik pssi pssi hanya pemegang mandat untuk mengelola sepak bola indonesia shame on you,pssi kenapa kalian memonopoli media dan liputan dari jurnalis timnas milik rakyat indonesia bukan milik pssi pssi hanya pemegang mandat untuk mengelola sepak bola indonesia shame on you
timnas mainnya jam berapa mohon infonya 🙏,timnas mainnya jam berapa mohon infonya,timnas mainnya jam berapa mohon infonya
"Kan bener Beckham ngukur lapangan,",kan bener beckham ngukur lapangan,kan bener beckham ngukur lapangan
"Jika timnas bisa menangpun, kasi penghargaan &amp; apresiasi kepada pemain &amp; para staf yang bertugas, bukan kepada PK, dia uda bbrp kali main2, yang paling jelas lawan Australia &amp; Arab.",jika timnas bisa menangpun kasi penghargaan amp apresiasi kepada pemain amp para staf yang bertugas bukan kepada pk dia uda bbrp kali main yang paling jelas lawan australia amp arab,jika timnas bisa menangpun kasi penghargaan amp apresiasi kepada pemain amp para staf yang bertugas bukan kepada pk dia uda bbrp kali main yang paling jelas lawan australia amp arab
Lagunya lagu temu manten banget,lagunya lagu temu manten banget,lagunya lagu temu manten banget
Alah wws mbuh kono aturen kono awuren trik patrik,alah wws mbuh kono aturen kono awuren trik patrik,alah wws mbuh kono aturen kono awuren trik patrik
Beckham good player tapi jangan jadi starter duku karna pengalaman international masih belum cukup. Klok juga karna stamina lebih baik Supersub aja faktor usia juga .2 pemain ini sbebnernya bagus tinggal pelatih raciknya kek gimana,beckham good player tapi jangan jadi starter duku karna pengalaman international masih belum cukup klok juga karna stamina lebih baik supersub aja faktor usia juga pemain ini sbebnernya bagus tinggal pelatih raciknya kek gimana,beckham good player tapi jangan jadi starter duku karna pengalaman international masih belum cukup klok juga karna stamina lebih baik supersub aja faktor usia juga pemain ini sbebnernya bagus tinggal pelatih raciknya kek gimana
Bodo amat sama timnas sampahh...,bodo amat sama timnas sampahh,bodo amat sama timnas sampahh
Galfok Hadroh hehe,galfok hadroh hehe,galfok hadroh hehe
Kalian semua hebat kalau sesuai dengan porsi kemampuan kalian. Tetap semangat Garuda,kalian semua hebat kalau sesuai dengan porsi kemampuan kalian tetap semangat garuda,kalian semua hebat kalau sesuai dengan porsi kemampuan kalian tetap semangat garuda
Pemain dgn market value tinggi jadi camat. PK ini sangat mencurigakan,pemain dgn market value tinggi jadi camat pk ini sangat mencurigakan,pemain dgn market value tinggi jadi camat pk ini sangat mencurigakan
Siap nonton semua...,siap nonton semua,siap nonton semua
Perjuangan terakhir... pantang menyerah 👏,perjuangan terakhir pantang menyerah,perjuangan terakhir pantang menyerah
"please 10 diaspora 1 pemain liga lokal untuk lawan iraq , jgan sperti laga melawan arab kemarin",please diaspora pemain liga lokal untuk lawan iraq jgan sperti laga melawan arab kemarin,please diaspora pemain liga lokal untuk lawan iraq jgan sperti laga melawan arab kemarin
Bismillah 3 poin ✊🤲,bismillah poin,bismillah poin
Ahh basiii ni mah vidio lwn arab<br>Line up menyebalkan,ahh basiii ni mah vidio lwn arabbrline up menyebalkan,ahh basiii ni mah vidio lwn arabbrline up menyebalkan
"02.22 bismilah brother, piala dunia katanya... Admin telat upload... Lu dibayar min. Euy min....😂😂😂",bismilah brother piala dunia katanya admin telat upload lu dibayar min euy min,bismilah brother piala dunia katanya admin telat upload lu dibayar min euy min
mantap back sound nya Mahalul Qiyam ayo timnas menang kalah.. pecat patrick sebelum kegelapan terjadi,mantap back sound nya mahalul qiyam ayo timnas menang kalah pecat patrick sebelum kegelapan terjadi,mantap back sound nya mahalul qiyam ayo timnas menang kalah pecat patrick sebelum kegelapan terjadi
Yg setuju pelatih jadi pemain😂?,yg setuju pelatih jadi pemain,yang setuju pelatih jadi pemain
Kambuaya playmaker cap ayam,kambuaya playmaker cap ayam,kambuaya playmaker cap ayam
"Semoga pikiran Patrick Sadar ga keblinger.,",semoga pikiran patrick sadar ga keblinger,semoga pikiran patrick sadar tidak keblinger
Jujur &amp; realistis saja apakah secara kualitas &amp; kerjasama timnas kita sdh layak &amp; sejajar dgn peserta pildun lain  jgn sampe kita dikcewakan sendiri oleh ekspektasi yg berlebih,jujur amp realistis saja apakah secara kualitas amp kerjasama timnas kita sdh layak amp sejajar dgn peserta pildun lain jgn sampe kita dikcewakan sendiri oleh ekspektasi yg berlebih,jujur amp realistis saja apakah secara kualitas amp kerjasama timnas kita sdh layak amp sejajar dgn peserta pildun lain jgn sampe kita dikcewakan sendiri oleh ekspektasi yang berlebih
"dg lantunan sholawat, moga menang.",dg lantunan sholawat moga menang,dg lantunan sholawat moga menang
"Lawan Irak bukan lagi main-main, Timnas Indonesia harus menang minimal 2 - 0, ini harapan dan doa saya sebagai warga Indonesia dan pemain berikut diharapkan dijadikan starter :<br>1. Marten Paes<br>2. Jay Idzes<br>3. Rizky Ridho<br>4. Justin Hubner <br>5. Kevin Diks<br>6. Tom Haye <br>7. Jay Pelupessy<br>8. Kelvin Verdonk<br>9. Miliano Jhonatan ( cetak 1 gol )<br>10. Ole Rumeny ( cetak 2 gol )<br>11. Ragnar Oratmangoen ( cetak 1 gol )<br><br>Dengan izin dan ridho ALLAH SWT timnas Indonesia dipermudah dan dilancarkan lolos ke piala dunia 2026. Aamiin Yaa Allah Yaa Rabbal Alamin 🤲🤲🤲🙏",lawan irak bukan lagi mainmain timnas indonesia harus menang minimal ini harapan dan doa saya sebagai warga indonesia dan pemain berikut diharapkan dijadikan starter br marten paesbr jay idzesbr rizky ridhobr justin hubner br kevin diksbr tom haye br jay pelupessybr kelvin verdonkbr miliano jhonatan cetak gol br ole rumeny cetak gol br ragnar oratmangoen cetak gol brbrdengan izin dan ridho allah swt timnas indonesia dipermudah dan dilancarkan lolos ke piala dunia aamiin yaa allah yaa rabbal alamin,lawan irak bukan lagi mainmain timnas indonesia harus menang minimal ini harapan dan doa saya sebagai warga indonesia dan pemain berikut diharapkan dijadikan starter br marten paesbr jay idzesbr rizky ridhobr justin hubner br kevin diksbr tom haye br jay pelupessybr kelvin verdonkbr miliano jhonatan cetak gol br ole rumeny cetak gol br ragnar oratmangoen cetak gol brbrdengan izin dan ridho allah swt timnas indonesia dipermudah dan dilancarkan lolos ke piala dunia aamiin yaa allah yaa rabbal alamin
Berkah sholawat TIMNAS LOLOS PILDUN❤,berkah sholawat timnas lolos pildun,berkah sholawat timnas lolos pildun
Patrik out . Pltih miskin taktik.<br>Klo mau line up ngotak dikit ngpa anjenk,patrik out pltih miskin taktikbrklo mau line up ngotak dikit ngpa anjenk,patrik out pltih miskin taktikbrklo mau line up ngotak dikit ngpa anjenk
Patrick Kluivert out!!!!!,patrick kluivert out,patrick kluivert out
Merinding pas di sholawat in.. tapi Minimal harus win 3-0 😢  mustahil banget ya.. insyaallah kita bisa,merinding pas di sholawat in tapi minimal harus win mustahil banget ya insyaallah kita bisa,merinding pas di sholawat in tapi minimal harus win mustahil banget ya insyaallah kita bisa
coach patrick please gak usah aneh aneh😢,coach patrick please gak usah aneh aneh,coach patrick please gak usah aneh aneh
Please haland &amp; yamal jangan di cadangin,please haland amp yamal jangan di cadangin,please haland amp yamal jangan di cadangin
🇮🇶🇮🇶,,
"Tolong sembunyikan dulu jersey si kembar, klok, n Beckham. Kasih Minggu depan aja😅😂",tolong sembunyikan dulu jersey si kembar klok n beckham kasih minggu depan aja,tolong sembunyikan dulu jersey si kembar klok n beckham kasih minggu depan aja
Bismillah kami semuaa rakyat Indonesia menunggu hasil melawan Irak dengan hasil yg kemenangan yg meyakinkan.. <br>Bismillah Indonesia wc 2026,bismillah kami semuaa rakyat indonesia menunggu hasil melawan irak dengan hasil yg kemenangan yg meyakinkan brbismillah indonesia wc,bismillah kami semuaa rakyat indonesia menunggu hasil melawan irak dengan hasil yang kemenangan yang meyakinkan brbismillah indonesia wc
Katanya Ridho gak dipasang sama PK.,katanya ridho gak dipasang sama pk,katanya ridho gak dipasang sama pk
Ini vidio baru mau lwn irak apa mau lwn arab?,ini vidio baru mau lwn irak apa mau lwn arab,ini vidio baru mau lwn irak apa mau lwn arab
"Pelatih bloon maenin pemain liga 1 di kualifikasi piala dunia , malah pemain abroad di cadangin",pelatih bloon maenin pemain liga di kualifikasi piala dunia malah pemain abroad di cadangin,pelatih bloon maenin pemain liga di kualifikasi piala dunia malah pemain abroad di cadangin
Banyak prediksi yg mengatakan Timnas akan kalah malam ini..jadi saya putuskan tidak akan menonton laga kali ini.  PATRICK KLUIVERT OUT..,banyak prediksi yg mengatakan timnas akan kalah malam inijadi saya putuskan tidak akan menonton laga kali ini patrick kluivert out,banyak prediksi yang mengatakan timnas akan kalah malam inijadi saya putuskan tidak akan menonton laga kali ini patrick kluivert out
Menang lah 1 -0. Thailand aja bs ngimbangin😂,menang lah thailand aja bs ngimbangin,menang lah thailand aja bs ngimbangin
Back soundnya kerennn maulidan sholawatan ❤,back soundnya kerennn maulidan sholawatan,back soundnya kerennn maulidan sholawatan
"Doanya menang utk Timnas Indonesia, walaupun berat.<br><br>Krn, saat lawan Arab Saudi, PK Tidka memanfaatkan momentum.<br><br>Maka, starting eleven dan line up akan menentukan nasib dan masa depan sepak bola Indonesia.<br><br>Semoga, PK tidak mengulangi kebodohannya... 🙏😇🦅🔥💙💚🇮🇩",doanya menang utk timnas indonesia walaupun beratbrbrkrn saat lawan arab saudi pk tidka memanfaatkan momentumbrbrmaka starting eleven dan line up akan menentukan nasib dan masa depan sepak bola indonesiabrbrsemoga pk tidak mengulangi kebodohannya,doanya menang utk timnas indonesia walaupun beratbrbrkrn saat lawan arab saudi pk tidka memanfaatkan momentumbrbrmaka starting eleven dan line up akan menentukan nasib dan masa depan sepak bola indonesiabrbrsemoga pk tidak mengulangi kebodohannya
Rizki ridho sama jay idzes cadangkan aja. Tar kalah lagi,rizki ridho sama jay idzes cadangkan aja tar kalah lagi,rizki ridho sama jay idzes cadangkan aja tar kalah lagi
Erick Thohir out,erick thohir out,erick thohir out
3-4-3 kembali sistem lama cari aman,kembali sistem lama cari aman,kembali sistem lama cari aman
Bumi Gonjang ganjing... Line Up Thai anyink,bumi gonjang ganjing line up thai anyink,bumi gonjang ganjing line up thai anyink
By by world cup 😢😢😢😢,by by world cup,by by world cup
Semoga sukses menuju piala AFF,semoga sukses menuju piala aff,semoga sukses menuju piala aff
Semoga.....,semoga,semoga
Bismillah jadi kan sejarah karna Indonesia belum pernah menang lawan irak,bismillah jadi kan sejarah karna indonesia belum pernah menang lawan irak,bismillah jadi kan sejarah karna indonesia belum pernah menang lawan irak
All In Timnas Ku.. Berjuanglah sampai Titik darah terakhir.. kami selalu mendoakan yg terbaik..,all in timnas ku berjuanglah sampai titik darah terakhir kami selalu mendoakan yg terbaik,all in timnas ku berjuanglah sampai titik darah terakhir kami selalu mendoakan yang terbaik
Perspektif dri samping jdi ngerasain intensitas pertandingannya kayak dri pov pemainnya.. yg paling ngenes itu pas terakhir mang ole tiduran dan nutupin muka nya pake kaos.. kecewa berat diaaa 😢 aapalgi dia berjuang untuk pulih,perspektif dri samping jdi ngerasain intensitas pertandingannya kayak dri pov pemainnya yg paling ngenes itu pas terakhir mang ole tiduran dan nutupin muka nya pake kaos kecewa berat diaaa aapalgi dia berjuang untuk pulih,perspektif dri samping jdi ngerasain intensitas pertandingannya kayak dri pov pemainnya yang paling ngenes itu pas terakhir mang ole tiduran dan nutupin muka nya pake kaos kecewa berat diaaa aapalgi dia berjuang untuk pulih
Masih gak percaya Indonesia kalah lawan Arab 2-3,masih gak percaya indonesia kalah lawan arab,masih gak percaya indonesia kalah lawan arab
Liat perjuangan mereka jantung sy bertedak sangat kencang.<br>Semoga perjuangan mereka tidak sia2.<br>Pahlawan sepakbola.<br>Ciptakan sejarah kawan.,liat perjuangan mereka jantung sy bertedak sangat kencangbrsemoga perjuangan mereka tidak siabrpahlawan sepakbolabrciptakan sejarah kawan,liat perjuangan mereka jantung sy bertedak sangat kencangbrsemoga perjuangan mereka tidak siabrpahlawan sepakbolabrciptakan sejarah kawan
Siap semoga hasil terbaik sayang udah satu RT dibawa dari Belanda segala macam official dan lain masa ga lolos pildun 😊,siap semoga hasil terbaik sayang udah satu rt dibawa dari belanda segala macam official dan lain masa ga lolos pildun,siap semoga hasil terbaik sayang udah satu rt dibawa dari belanda segala macam official dan lain masa tidak lolos pildun
Taiklah,taiklah,taiklah
Salfon di stel mahalul qiyam,salfon di stel mahalul qiyam,salfon di stel mahalul qiyam
Patrick.. Patrick... Gedeg gua lihat lo.. 😡,patrick patrick gedeg gua lihat lo,patrick patrick gedeg gua lihat lo
"Teman2 kalo si BECKAM &amp; KLOCK main..mending kita tidur aja ,percuma pasti kalah..pelatihnya BEGO minim taktik",teman kalo si beckam amp klock mainmending kita tidur aja percuma pasti kalahpelatihnya bego minim taktik,teman kalo si beckam amp klock mainmending kita tidur aja percuma pasti kalahpelatihnya bego minim taktik
Yg dimainkan nanti pemain diaspora saja kecuali Rizki ridho dan Riki Kambuaya yg dimainkan di liga 1 ini penentuan pildum,yg dimainkan nanti pemain diaspora saja kecuali rizki ridho dan riki kambuaya yg dimainkan di liga ini penentuan pildum,yang dimainkan nanti pemain diaspora saja kecuali rizki ridho dan riki kambuaya yang dimainkan di liga ini penentuan pildum
Yg tua tua istirahat dulu please..,yg tua tua istirahat dulu please,yang tua tua istirahat dulu please
Yuk bisa yuk!❤,yuk bisa yuk,yuk bisa yuk
"Yakob sama klok dan bekam,  jangan di mainin lgi!!!!!?",yakob sama klok dan bekam jangan di mainin lgi,yakob sama klok dan bekam jangan di mainin lgi
Erik blunder,erik blunder,erik blunder
Kalah ya pecat,kalah ya pecat,kalah ya pecat
Subuh ini ngeri2 sedap takut palitahnya tidur lagi.<br>Di TF brapa sih Coach Bintang Laut sama Sudi? Susah emang jiwa penjudi,subuh ini ngeri sedap takut palitahnya tidur lagibrdi tf brapa sih coach bintang laut sama sudi susah emang jiwa penjudi,subuh ini ngeri sedap takut palitahnya tidur lagibrdi tf brapa sih coach bintang laut sama sudi susah emang jiwa penjudi
"saran aja, bek nya pake trio JIR lagii, bakall mantapp, line up nya jangan aneh aneh ya coach pliss",saran aja bek nya pake trio jir lagii bakall mantapp line up nya jangan aneh aneh ya coach pliss,saran aja bek nya pake trio jir lagii bakall mantapp line up nya jangan aneh aneh ya coach pliss
Line up boleh via votting SMS ga sih,line up boleh via votting sms ga sih,line up boleh via votting sms tidak sih
Masya Allah.. backsoundnya sholawatan.. Mahallul Qiyam + Ya Habibana Ali.. Mugi &quot; lancaar jalan Timnas tembus Piala Dunia 2026.. aamiin..,masya allah backsoundnya sholawatan mahallul qiyam ya habibana ali mugi quot lancaar jalan timnas tembus piala dunia aamiin,masya allah backsoundnya sholawatan mahallul qiyam ya habibana ali mugi quot lancaar jalan timnas tembus piala dunia aamiin
❤‍🔥🔥❤‍🔥🔥💪🏻🇮🇩,,
"Terimakasih all crew tim support Timnas Indonesia. Mereka datang paling awal mempersiapkan segala kebutuhan Timnas, dan pulang paling akhir setelah laga usai ❤",terimakasih all crew tim support timnas indonesia mereka datang paling awal mempersiapkan segala kebutuhan timnas dan pulang paling akhir setelah laga usai,terimakasih all crew tim support timnas indonesia mereka datang paling awal mempersiapkan segala kebutuhan timnas dan pulang paling akhir setelah laga usai
Official nya BANJARI an 😊😊🤚🤚🤚🤚🤚🤚🤚🤚🤚🤚🙏🙏,official nya banjari an,official nya banjari an
Si Patrik cair parlay . Line up gak masuk akal . Masa pemain jelek main 90 menit kacau kacau di mana otak Lo patrik,si patrik cair parlay line up gak masuk akal masa pemain jelek main menit kacau kacau di mana otak lo patrik,si patrik cair parlay line up gak masuk akal masa pemain jelek main menit kacau kacau di mana otak lo patrik
Kluivert out kloop in,kluivert out kloop in,kluivert out kloop in
"Melawan Iraq bisa hasil imbang aja sdh bagus, krn kualitas pelatih Iraq lbh bagus",melawan iraq bisa hasil imbang aja sdh bagus krn kualitas pelatih iraq lbh bagus,melawan iraq bisa hasil imbang aja sdh bagus krn kualitas pelatih iraq lbh bagus
"Bekham,klok,yacob tolong dititipin ke jamaah haji,,biar bisa dibawa pulang lebih cepat",bekhamklokyacob tolong dititipin ke jamaah hajibiar bisa dibawa pulang lebih cepat,bekhamklokyacob tolong dititipin ke jamaah hajibiar bisa dibawa pulang lebih cepat
MasyaAllah marhabaan..,masyaallah marhabaan,masyaallah marhabaan
"Pakelah 3 back...hubner, jay, ridho...tengah verdonk, haye, pelupessy, diks, depan dean, mauro/ole, jonathan. Lainnya cadangan...",pakelah backhubner jay ridhotengah verdonk haye pelupessy diks depan dean mauroole jonathan lainnya cadangan,pakelah backhubner jay ridhotengah verdonk haye pelupessy diks depan dean mauroole jonathan lainnya cadangan
Klok jng sok jadi kapten lw benalu timnas anjrittttt,klok jng sok jadi kapten lw benalu timnas anjrittttt,klok jng sok jadi kapten lw benalu timnas anjrittttt
Indo 2 Irak 1 bismillah,indo irak bismillah,indo irak bismillah
"jika ini benar benar kalah lawan iraqq, wajib fardu ain pecat semua jajaran PSSI, ibarat kate udh di depan mata selangkah ke pildun eh lah dalah malah ganti pelatih, gendengggg",jika ini benar benar kalah lawan iraqq wajib fardu ain pecat semua jajaran pssi ibarat kate udh di depan mata selangkah ke pildun eh lah dalah malah ganti pelatih gendengggg,jika ini benar benar kalah lawan iraqq wajib fardu ain pecat semua jajaran pssi ibarat kate udh di depan mata selangkah ke pildun eh lah dalah malah ganti pelatih gendengggg
tolong lh jangan pake pemain liga 1 abadi kecuaali rizki ridho,tolong lh jangan pake pemain liga abadi kecuaali rizki ridho,tolong lh jangan pake pemain liga abadi kecuaali rizki ridho
"Kiper Martin pas,belakang jay,Rido, Jastin:kiri, verdonk: Kanan Kevin dik, tengah Joy dan tom, Winger kanan miliano Jonatan, Winger kiri Ragnar, ujung tombak ole❤ 🇮🇩🇮🇩🇮🇩🇮🇩🇮🇩🇮🇩🇮🇩💪💪",kiper martin pasbelakang jayrido jastinkiri verdonk kanan kevin dik tengah joy dan tom winger kanan miliano jonatan winger kiri ragnar ujung tombak ole,kiper martin pasbelakang jayrido jastinkiri verdonk kanan kevin dik tengah joy dan tom winger kanan miliano jonatan winger kiri ragnar ujung tombak ole
malam ini  pake formasi apa lagi ya🤔,malam ini pake formasi apa lagi ya,malam ini pake formasi apa lagi ya
Kalau lawan irak sampai kalah..patrik pulangkan ke orang tuanya,kalau lawan irak sampai kalahpatrik pulangkan ke orang tuanya,kalau lawan irak sampai kalahpatrik pulangkan ke orang tuanya
PAES<br><br>RIDHO - JAY - HUBNER<br><br>DIKS - HAYE -JOEY - VERDONK<br><br>JONATHAN - OLE - RAGNAR,paesbrbrridho jay hubnerbrbrdiks haye joey verdonkbrbrjonathan ole ragnar,paesbrbrridho jay hubnerbrbrdiks haye joey verdonkbrbrjonathan ole ragnar
Paes<br>Kevin jay hubner <br>Wals joey haye verdonk<br>Jonatans ole oratmangon,paesbrkevin jay hubner brwals joey haye verdonkbrjonatans ole oratmangon,paesbrkevin jay hubner brwals joey haye verdonkbrjonatans ole oratmangon
Marhaban pildun,marhaban pildun,marhaban pildun
"Saya agak kurang yakin indonesia bisa lolos,",saya agak kurang yakin indonesia bisa lolos,saya agak kurang yakin indonesia bisa lolos
"Prediksi lini serang indonesia :<br>Beckham putra,mark klok,R.sananta,yakob sayuri😂😂",prediksi lini serang indonesia brbeckham putramark klokrsanantayakob sayuri,prediksi lini serang indonesia brbeckham putramark klokrsanantayakob sayuri
Maaf kalau boleh tau Main nya jam brp ya kak...?<br>Terimakasih🙏,maaf kalau boleh tau main nya jam brp ya kakbrterimakasih,maaf kalau boleh tau main nya jam brp ya kakbrterimakasih
Semoga line up ny tidak seperti lawan arab.. pelatih jgn kecewakan kami yg sangat berharap permainan yg indah,semoga line up ny tidak seperti lawan arab pelatih jgn kecewakan kami yg sangat berharap permainan yg indah,semoga line up ny tidak seperti lawan arab pelatih jgn kecewakan kami yang sangat berharap permainan yang indah
"Ternyata banyak crew yg terlibat di luar semua pemain Timnas. Terimakasih semuanya, semoga Malan ini Match melawan Irak Allah SWT berikan kemenangan Amiin. Apapun hasil akhirnya, Kami tetap Bangga atas perjuangan seluruh Timnas sudah membawa Indonesia sejauh ini. Let,s go GARUDA❤❤❤❤",ternyata banyak crew yg terlibat di luar semua pemain timnas terimakasih semuanya semoga malan ini match melawan irak allah swt berikan kemenangan amiin apapun hasil akhirnya kami tetap bangga atas perjuangan seluruh timnas sudah membawa indonesia sejauh ini lets go garuda,ternyata banyak crew yang terlibat di luar semua pemain timnas terimakasih semuanya semoga malan ini match melawan irak allah swt berikan kemenangan amiin apapun hasil akhirnya kami tetap bangga atas perjuangan seluruh timnas sudah membawa indonesia sejauh ini lets go garuda
Kenapa timnas harus kalah sama ego pemain??? Kalo manggil yacob harus manggil yance juga??? Padahal ga guna yance itu!!!,kenapa timnas harus kalah sama ego pemain kalo manggil yacob harus manggil yance juga padahal ga guna yance itu,kenapa timnas harus kalah sama ego pemain kalo manggil yacob harus manggil yance juga padahal tidak guna yance itu
"Semangat, pulih, kompak, maju terus!",semangat pulih kompak maju terus,semangat pulih kompak maju terus
"yance, beckam, mark klok dan ricky out dulu dicadangkan aja, unk malam ini, jika ingin piala dunia, mereka main blunder sngt2 buruk",yance beckam mark klok dan ricky out dulu dicadangkan aja unk malam ini jika ingin piala dunia mereka main blunder sngt buruk,yance beckam mark klok dan ricky out dulu dicadangkan aja unk malam ini jika ingin piala dunia mereka main blunder sngt buruk
Klok beckham suruh pulang jualan cilok batagor!!!!,klok beckham suruh pulang jualan cilok batagor,klok beckham suruh pulang jualan cilok batagor
"Please Yacob, Yance, Beckam, Mark klok jangan dimainin, ini laga krusial wajib menang 3-0 kalau mau lolos piala Dunia 2026 !!!",please yacob yance beckam mark klok jangan dimainin ini laga krusial wajib menang kalau mau lolos piala dunia,please yacob yance beckam mark klok jangan dimainin ini laga krusial wajib menang kalau mau lolos piala dunia
"Buat PK lu jangan banyak coba coba buat pormasi,dan jangan alergi pake pormasi 343❤🇮🇩🇮🇩🇮🇩💪💪",buat pk lu jangan banyak coba coba buat pormasidan jangan alergi pake pormasi,buat pk lu jangan banyak coba coba buat pormasidan jangan alergi pake pormasi
Wasitnya sudah sangat adil tapi ya tetap kalah artinya pemain liga 1 BELUM LEVEL DUNIA,wasitnya sudah sangat adil tapi ya tetap kalah artinya pemain liga belum level dunia,wasitnya sudah sangat adil tapi ya tetap kalah artinya pemain liga belum level dunia
Ayo Bangkit Timnas Garuda Indonesia 🤲 🦅 🇮🇩,ayo bangkit timnas garuda indonesia,ayo bangkit timnas garuda indonesia
Kalah menang ora urus pokoke dukung timnas terus !!!!,kalah menang ora urus pokoke dukung timnas terus,kalah menang ora urus pokoke dukung timnas terus
"Menang aja 1-0 please.<br>Berharap, Iran akan abis-abisan lawan Saudi minimal dgn 2-0.",menang aja pleasebrberharap iran akan abisabisan lawan saudi minimal dgn,menang aja pleasebrberharap iran akan abisabisan lawan saudi minimal dgn
Iraq 2-1 Indonesia,iraq indonesia,iraq indonesia
Jangan mainin yakob sama m clock,jangan mainin yakob sama m clock,jangan mainin yakob sama m clock
Mantap 🎉,mantap,mantap
Indonesia vs irak<br>Di kerjain wasit ❎️<br>Di kerjain petrick ✅️,indonesia vs irakbrdi kerjain wasit brdi kerjain petrick,indonesia vs irakbrdi kerjain wasit brdi kerjain petrick
Laga penentuan semoga yang main full tim jangan ekperimen lagi pelatih pekok bengek.<br>Coret Klok beck percuma kalo buat epep bungkus lah sana lawan Brunei 😅,laga penentuan semoga yang main full tim jangan ekperimen lagi pelatih pekok bengekbrcoret klok beck percuma kalo buat epep bungkus lah sana lawan brunei,laga penentuan semoga yang main full tim jangan ekperimen lagi pelatih pekok bengekbrcoret klok beck percuma kalo buat epep bungkus lah sana lawan brunei
Kalah Menang lawan Irak Kulivert OUT,kalah menang lawan irak kulivert out,kalah menang lawan irak kulivert out
MIN BILANGIN KE PATRICK JANGAN PAKE LINE UP DAN FORMASI COBA2 LAGI..INI HARI PENGHAKIMAN JANGAN SAMPAI GAGAL KRN KESALAHAN SENDIRI..,min bilangin ke patrick jangan pake line up dan formasi coba lagiini hari penghakiman jangan sampai gagal krn kesalahan sendiri,min bilangin ke patrick jangan pake line up dan formasi coba lagiini hari penghakiman jangan sampai gagal krn kesalahan sendiri
Prediksi saya.<br>Mungkin formasi 3-4-1-2 atau 3-4-3 dengan Verdonk dan Joey di Pivot.<br>Free role Thom/ miliano atau miliano winger kanan.<br>Ragnar dan Ole di dpn<br>Indo diujung tanduk.<br>Seri / kalah maka memakan korban yg pasti pk out.<br>Now or never.,prediksi sayabrmungkin formasi atau dengan verdonk dan joey di pivotbrfree role thom miliano atau miliano winger kananbrragnar dan ole di dpnbrindo diujung tandukbrseri kalah maka memakan korban yg pasti pk outbrnow or never,prediksi sayabrmungkin formasi atau dengan verdonk dan joey di pivotbrfree role thom miliano atau miliano winger kananbrragnar dan ole di dpnbrindo diujung tandukbrseri kalah maka memakan korban yang pasti pk outbrnow or never
Jujur pengen bgt lihat interaksi antara miliano dan ole 🤭,jujur pengen bgt lihat interaksi antara miliano dan ole,jujur pengen banget lihat interaksi antara miliano dan ole
"Jika timnas bermain sperti singa 🦁, yakin lah Irak 🇮🇶 akn bermain seperti 🐉Naga,",jika timnas bermain sperti singa yakin lah irak akn bermain seperti naga,jika timnas bermain sperti singa yakin lah irak akn bermain seperti naga
Adakah strategi eksperimen lagi yg akan dipakai??,adakah strategi eksperimen lagi yg akan dipakai,adakah strategi eksperimen lagi yang akan dipakai
Pelatih apaan... Bodoh,pelatih apaan bodoh,pelatih apaan bodoh
Tolong dong buat para mafia&quot; yang mencari keuntungan buat diri sendiri bersatu dulu ciptain sejarah dulu buat timnas udah jauh tinggal selangkah lagi ini timnas bisa lolos,tolong dong buat para mafiaquot yang mencari keuntungan buat diri sendiri bersatu dulu ciptain sejarah dulu buat timnas udah jauh tinggal selangkah lagi ini timnas bisa lolos,tolong dong buat para mafiaquot yang mencari keuntungan buat diri sendiri bersatu dulu ciptain sejarah dulu buat timnas udah jauh tinggal selangkah lagi ini timnas bisa lolos
Tumben durasi 17 menit wkwwk,tumben durasi menit wkwwk,tumben durasi menit wkwwk
Anjay ad Hadroh nya,anjay ad hadroh nya,anjay ad hadroh nya
Semoga yang main full diaspora,semoga yang main full diaspora,semoga yang main full diaspora
mana recoverynya?,mana recoverynya,mana recoverynya
Semoga lolos piala Dunia.. Amin,semoga lolos piala dunia amin,semoga lolos piala dunia amin
Sok Keras,sok keras,sok keras
"coach patrick tolong baca, bismillah, rapatkan saja dari deff 5-4-1 transisi 3-4-3 &amp; sebaliknya insya allah dari bertahan / menyerang kita bsa menang, insya allah ☺🙏",coach patrick tolong baca bismillah rapatkan saja dari deff transisi amp sebaliknya insya allah dari bertahan menyerang kita bsa menang insya allah,coach patrick tolong baca bismillah rapatkan saja dari deff transisi amp sebaliknya insya allah dari bertahan menyerang kita bsa menang insya allah
Mudah² dia mau mendengarkan kata kata sponsbob dan sendi😊,mudah dia mau mendengarkan kata kata sponsbob dan sendi,mudah dia mau mendengarkan kata kata sponsbob dan sendi
ya allah mudahkan lah timnas kami untuk memenangkan laga yang amat penting ini aminn yaa allah 🤲🏻🤲🏻🤲🏻,ya allah mudahkan lah timnas kami untuk memenangkan laga yang amat penting ini aminn yaa allah,ya allah mudahkan lah timnas kami untuk memenangkan laga yang amat penting ini aminn yaa allah
"Ternak Tayong vs Buzzer ET , pagi hari nnti pasti rameee wkwkwk",ternak tayong vs buzzer et pagi hari nnti pasti rameee wkwkwk,ternak tayong vs buzzer et pagi hari nnti pasti rameee wkwkwk
Mukanya pada lemes amat yah,mukanya pada lemes amat yah,mukanya pada lemes amat yah
"Titip pesan ke PK, jangan ngawur starting line up",titip pesan ke pk jangan ngawur starting line up,titip pesan ke pk jangan ngawur starting line up
Nothing to lose we believe Indonesia bisa lolos ke piala dunia,nothing to lose we believe indonesia bisa lolos ke piala dunia,nothing to lose we believe indonesia bisa lolos ke piala dunia
smgh bang Jay hubner Riski ridho di main kan jangan cadangan lagi,smgh bang jay hubner riski ridho di main kan jangan cadangan lagi,smgh bang jay hubner riski ridho di main kan jangan cadangan lagi
"Main hp mulu dah, apa gabisa di sita gitu 🗿",main hp mulu dah apa gabisa di sita gitu,main hp mulu dah apa gabisa di sita gitu
Manteb ni backsoundnya sholawatan. Demen ane,manteb ni backsoundnya sholawatan demen ane,manteb ni backsoundnya sholawatan demen ane
dadah pildun 2026,dadah pildun,dadah pildun
smgh bang Jay hubner Riski ridho di main kan jangan cadangan lagi,smgh bang jay hubner riski ridho di main kan jangan cadangan lagi,smgh bang jay hubner riski ridho di main kan jangan cadangan lagi
"Jika turunkan tim inti, kita minimal dapat 1 poin vs Suadi Arabia,",jika turunkan tim inti kita minimal dapat poin vs suadi arabia,jika turunkan tim inti kita minimal dapat poin vs suadi arabia
marhaban Indonesia di Piala Dunia.  Bismillah. moga lawan Iraq main bagus dan menang 2 - 0,marhaban indonesia di piala dunia bismillah moga lawan iraq main bagus dan menang,marhaban indonesia di piala dunia bismillah moga lawan iraq main bagus dan menang
smoga line up nya tdk mengecewakan😂,smoga line up nya tdk mengecewakan,smoga line up nya tdk mengecewakan
"semangaaaaattt,pokus,,,kalah menang tetap sy dukung....2030 kalian akan semakin solid...bravo garuda...",semangaaaaatttpokuskalah menang tetap sy dukung kalian akan semakin solidbravo garuda,semangaaaaatttpokuskalah menang tetap sy dukung kalian akan semakin solidbravo garuda
Tim udh mewah gini mlh line up di otak atik jd amburadul,tim udh mewah gini mlh line up di otak atik jd amburadul,tim udh mewah gini mlh line up di otak atik jd amburadul
Guys sebagai pemain mereka udah kasih yang terbaik.,guys sebagai pemain mereka udah kasih yang terbaik,guys sebagai pemain mereka udah kasih yang terbaik
Ntah kenapa inget pertandingan ini JD kesel sama PK 😂,ntah kenapa inget pertandingan ini jd kesel sama pk,ntah kenapa inget pertandingan ini jd kesel sama pk
semngat lah kawan meski mimpi itu belum terwujud..,semngat lah kawan meski mimpi itu belum terwujud,semngat lah kawan meski mimpi itu belum terwujud
Kluivert harus di investigasi,kluivert harus di investigasi,kluivert harus di investigasi
"Bismillah Indonesia 4-0 Iraq, masih percaya pada Garuda🔥😊",bismillah indonesia iraq masih percaya pada garuda,bismillah indonesia iraq masih percaya pada garuda
Tolong kunciin klok dikamar mandi. Jgn dibuka sampe match selesai,tolong kunciin klok dikamar mandi jgn dibuka sampe match selesai,tolong kunciin klok dikamar mandi jgn dibuka sampe match selesai
"Jgn neko neko bngst, menang aja udah jgn di alesan lagi wasit atau apalah",jgn neko neko bngst menang aja udah jgn di alesan lagi wasit atau apalah,jgn neko neko bngst menang aja udah jgn di alesan lagi wasit atau apalah
ERICK THOHIR MUNDUR!!!,erick thohir mundur,erick thohir mundur
"Ikhlaskan saja…. Jangan berharap lagi….. tidak pernah sepesimis ini, bahkan dulu optimis timnas kalah tapi skrg justru pesimis timnas menang, itu dua rasa yang jelas berbeda konotasinya",ikhlaskan saja jangan berharap lagi tidak pernah sepesimis ini bahkan dulu optimis timnas kalah tapi skrg justru pesimis timnas menang itu dua rasa yang jelas berbeda konotasinya,ikhlaskan saja jangan berharap lagi tidak pernah sepesimis ini bahkan dulu optimis timnas kalah tapi skrg justru pesimis timnas menang itu dua rasa yang jelas berbeda konotasinya
Come on Boys🔥🔥🔥,come on boys,come on boys
Bismillah ayo timnas semangat,bismillah ayo timnas semangat,bismillah ayo timnas semangat
main jam 23.15 atau 02.30 ini mn yg bnar,main jam atau ini mn yg bnar,main jam atau ini mn yang bnar
Gue gak ngerti tapi somehow pengen ikut nimbrung 𝙋𝙐𝙇𝘼𝙐𝙒𝙄𝙉 😭,gue gak ngerti tapi somehow pengen ikut nimbrung,gue gak ngerti tapi somehow pengen ikut nimbrung
"Nih 𝙋𝙐𝙇𝘼𝙐𝙒𝙄𝙉 kayak jadi simbol keberuntungan deh, tapi versi misterius.",nih kayak jadi simbol keberuntungan deh tapi versi misterius,nih kayak jadi simbol keberuntungan deh tapi versi misterius
ＰＵＬ𝘼𝙐𝙒𝙄𝙉 tuh bener-bener fenomena internet sih.,tuh benerbener fenomena internet sih,tuh benerbener fenomena internet sih
Orang-orang tuh ngomong “aku nemuin sesuatu di P͟U͟L͟A͟U͟W͟I͟N” kayak lagi spiritual journey 😭,orangorang tuh ngomong aku nemuin sesuatu di pulauwin kayak lagi spiritual journey,orangorang tuh ngomong aku nemuin sesuatu di pulauwin kayak lagi spiritual journey
"Jujur, gue udah mulai FOMO gara-gara ρυℓαυωιɴ 😭",jujur gue udah mulai fomo garagara,jujur gue udah mulai fomo garagara
"P͟U͟L͟A͟U͟W͟I͟N kayaknya bukan nama tempat, tapi vibe-nya kayak dunia lain 😭",pulauwin kayaknya bukan nama tempat tapi vibenya kayak dunia lain,pulauwin kayaknya bukan nama tempat tapi vibenya kayak dunia lain
Tiap kali liat orang nyebut 𝙋𝙐𝙇𝘼𝙐𝙒𝙄𝙉 pasti komennya rame banget.,tiap kali liat orang nyebut pasti komennya rame banget,tiap kali liat orang nyebut pasti komennya rame banget
"Nih ρυℓαυωιɴ muncul di komen video masak aja, maksudnya apa coba 😭",nih muncul di komen video masak aja maksudnya apa coba,nih muncul di komen video masak aja maksudnya apa coba
"Nih 𝙋𝙐𝙇𝘼𝙐𝙒𝙄𝙉 muncul mulu di semua komen, kayak spam tapi elegan 😭",nih muncul mulu di semua komen kayak spam tapi elegan,nih muncul mulu di semua komen kayak spam tapi elegan
"Makin lama gue liat 𝙋𝙐𝙇𝘼𝙐𝙒𝙄𝙉, makin penasaran sumpah.",makin lama gue liat makin penasaran sumpah,makin lama gue liat makin penasaran sumpah
ＰＵＬ𝘼𝙐𝙒𝙄𝙉 kayak kode rahasia antar netizen deh.,kayak kode rahasia antar netizen deh,kayak kode rahasia antar netizen deh
Nih font-fontnya aja udah random banget tapi tetep rame 𝙋𝙐𝙇𝘼𝙐𝙒𝙄𝙉 🤣,nih fontfontnya aja udah random banget tapi tetep rame,nih fontfontnya aja udah random banget tapi tetep rame
"SACK PK menang ato kalah vs iraq, sebagai pendukung PK sejak awal, saya kecewa.",sack pk menang ato kalah vs iraq sebagai pendukung pk sejak awal saya kecewa,sack pk menang ato kalah vs iraq sebagai pendukung pk sejak awal saya kecewa
“Coba aja dulu 𝙋𝙐𝙇𝘼𝙐𝙒𝙄𝙉” katanya — ya tapi coba apaan 😭,coba aja dulu katanya ya tapi coba apaan,coba aja dulu katanya ya tapi coba apaan
Gue gak tau kenapa tapi tiap liat 𝙋𝙐𝙇𝘼𝙐𝙒𝙄𝙉 kayak langsung inget sesuatu yang “aneh tapi menarik”.,gue gak tau kenapa tapi tiap liat kayak langsung inget sesuatu yang aneh tapi menarik,gue gak tau kenapa tapi tiap liat kayak langsung inget sesuatu yang aneh tapi menarik
Kayaknya nih ＰＵ𝙇𝘼𝙐𝙒𝙄𝙉 lebih viral dari gosip artis minggu ini.,kayaknya nih lebih viral dari gosip artis minggu ini,kayaknya nih lebih viral dari gosip artis minggu ini
Semua orang bilang “percaya sama proses P͟U͟L͟A͟U͟W͟I͟N” — proses apanya sih 😭,semua orang bilang percaya sama proses pulauwin proses apanya sih,semua orang bilang percaya sama proses pulauwin proses apanya sih
Patrick &amp; Spongebob,patrick amp spongebob,patrick amp spongebob
Tolong yakob jangan main lawan Irak soalnya penyebabnya kekalahan dari arab Saudi berasal darinya,tolong yakob jangan main lawan irak soalnya penyebabnya kekalahan dari arab saudi berasal darinya,tolong yakob jangan main lawan irak soalnya penyebabnya kekalahan dari arab saudi berasal darinya
Gue kira ＰＵ𝙇𝘼𝙐𝙒𝙄𝙉 itu nama film Netflix baru loh.,gue kira itu nama film netflix baru loh,gue kira itu nama film netflix baru loh
P͟U͟L͟A͟U͟W͟I͟N vibes-nya kayak rahasia yang cuma orang tertentu tau.,pulauwin vibesnya kayak rahasia yang cuma orang tertentu tau,pulauwin vibesnya kayak rahasia yang cuma orang tertentu tau
"Nih tulisan ρυℓαυωιɴ kayak hipnotis deh, makin diliat makin pengen tau 𝙋𝙐𝙇𝘼𝙐𝙒𝙄𝙉.",nih tulisan kayak hipnotis deh makin diliat makin pengen tau,nih tulisan kayak hipnotis deh makin diliat makin pengen tau
Gue rasa 𝙋𝙐𝙇𝘼𝙐𝙒𝙄𝙉 ini semacam konspirasi halus 😭,gue rasa ini semacam konspirasi halus,gue rasa ini semacam konspirasi halus
"Gak ngerti lagi deh, ＰＵ𝙇𝘼𝙐𝙒𝙄𝙉 muncul di semua timeline gue.",gak ngerti lagi deh muncul di semua timeline gue,gak ngerti lagi deh muncul di semua timeline gue
Jangan sia-siain kesempatan dan jangan coba coba strategi ini bukan laga uji coba,jangan siasiain kesempatan dan jangan coba coba strategi ini bukan laga uji coba,jangan siasiain kesempatan dan jangan coba coba strategi ini bukan laga uji coba
"ＰＵ𝙇𝘼𝙐𝙒𝙄𝙉 tuh apa sih, tempat healing kah?",tuh apa sih tempat healing kah,tuh apa sih tempat healing kah
"Gue scroll Twitter, IG, TikTok — isinya cuma ρυℓαυωιɴ semua 😭",gue scroll twitter ig tiktok isinya cuma semua,gue scroll twitter ig tiktok isinya cuma semua
“Cuma di P͟U͟L͟A͟U͟W͟I͟N broo” — cuma di mana maksud lo?! 😭,cuma di pulauwin broo cuma di mana maksud lo,cuma di pulauwin broo cuma di mana maksud lo
Tiap liat namanya P͟U͟L͟A͟U͟W͟I͟N gue langsung pengen tau tapi takut juga 😭,tiap liat namanya pulauwin gue langsung pengen tau tapi takut juga,tiap liat namanya pulauwin gue langsung pengen tau tapi takut juga
Insya Allah 2-0 untuk Indonesia saat lawan Iraq. Aamiin YRA,insya allah untuk indonesia saat lawan iraq aamiin yra,insya allah untuk indonesia saat lawan iraq aamiin yra
Kayaknya 𝙋𝙐𝙇𝘼𝙐𝙒𝙄𝙉 tuh misteri nasional sih.,kayaknya tuh misteri nasional sih,kayaknya tuh misteri nasional sih
Nih orang-orang ngomong “udah nyoba ρυℓαυωιɴ belum?” kayak nyuruh nyobain minuman baru 😭,nih orangorang ngomong udah nyoba belum kayak nyuruh nyobain minuman baru,nih orangorang ngomong udah nyoba belum kayak nyuruh nyobain minuman baru
"Kemarin liat komen “hidup gue jadi lebih ringan sejak ρυℓαυωιɴ”, HA??",kemarin liat komen hidup gue jadi lebih ringan sejak ha,kemarin liat komen hidup gue jadi lebih ringan sejak ha
sedih liatnya,sedih liatnya,sedih liatnya
Bissmillah ya allah izinkan negara yg gila bola ini melaju ke piala dunia.. aamiin 🤲🔥🦅🫶🇮🇩🥰,bissmillah ya allah izinkan negara yg gila bola ini melaju ke piala dunia aamiin,bissmillah ya allah izinkan negara yang gila bola ini melaju ke piala dunia aamiin
Boleh,boleh,boleh
"Apapun yang terjadi, malam ini putra terbaik bangsa berjuang. Mari kita do&#39;akan dan dukung, semoga Allah menangkan pertandingan malam ini. Dan kita lolos piala dunia, Aamiin....",apapun yang terjadi malam ini putra terbaik bangsa berjuang mari kita doakan dan dukung semoga allah menangkan pertandingan malam ini dan kita lolos piala dunia aamiin,apapun yang terjadi malam ini putra terbaik bangsa berjuang mari kita doakan dan dukung semoga allah menangkan pertandingan malam ini dan kita lolos piala dunia aamiin
“Cuma di P͟U͟L͟A͟U͟W͟I͟N broo” — cuma di mana maksud lo?! 😭,cuma di pulauwin broo cuma di mana maksud lo,cuma di pulauwin broo cuma di mana maksud lo
"Semua circle udah ngomongin 𝙋𝙐𝙇𝘼𝙐𝙒𝙄𝙉, cuma gue yang bingung sendiri 😩",semua circle udah ngomongin cuma gue yang bingung sendiri,semua circle udah ngomongin cuma gue yang bingung sendiri
Ini ＰＵ𝙇𝘼𝙐𝙒𝙄𝙉 kok kayak jadi simbol ‘gue udah tau sesuatu tapi lo belum’.,ini kok kayak jadi simbol gue udah tau sesuatu tapi lo belum,ini kok kayak jadi simbol gue udah tau sesuatu tapi lo belum
"Gue gak tau kenapa, tapi tiap liat nama P͟U͟L͟A͟U͟W͟I͟N itu kayak vibes-nya “rahasia sukses netizen”.",gue gak tau kenapa tapi tiap liat nama pulauwin itu kayak vibesnya rahasia sukses netizen,gue gak tau kenapa tapi tiap liat nama pulauwin itu kayak vibesnya rahasia sukses netizen
Kayak gak mungkin gak pernah liat tulisan 𝙋𝙐𝙇𝘼𝙐𝙒𝙄𝙉 deh sekarang.,kayak gak mungkin gak pernah liat tulisan deh sekarang,kayak gak mungkin gak pernah liat tulisan deh sekarang
Gue sumpah gak ngerti tapi penasaran parah sama 𝙋𝙐𝙇𝘼𝙐𝙒𝙄𝙉.,gue sumpah gak ngerti tapi penasaran parah sama,gue sumpah gak ngerti tapi penasaran parah sama
ＰＵ𝙇𝘼𝙐𝙒𝙄𝙉 tuh kayak nama resort mewah tapi kok viralnya beda arah ya?,tuh kayak nama resort mewah tapi kok viralnya beda arah ya,tuh kayak nama resort mewah tapi kok viralnya beda arah ya
Tolong bekerja maksimal di laga sepenting ini🙏,tolong bekerja maksimal di laga sepenting ini,tolong bekerja maksimal di laga sepenting ini
"Apapun hasilnya tetap support timnas,yakin bisa menang insyallah",apapun hasilnya tetap support timnasyakin bisa menang insyallah,apapun hasilnya tetap support timnasyakin bisa menang insyallah
ρυℓαυωιɴ ini kayak urban legend versi online.,ini kayak urban legend versi online,ini kayak urban legend versi online
Nih yang komen “makasih P͟U͟L͟A͟U͟W͟I͟N” maksudnya apaan dah 😭,nih yang komen makasih pulauwin maksudnya apaan dah,nih yang komen makasih pulauwin maksudnya apaan dah
"Katanya temen gue, “percaya deh, abis kenal 𝙋𝙐𝙇𝘼𝙐𝙒𝙄𝙉 jadi hoki banget” — hoki apaan?",katanya temen gue percaya deh abis kenal jadi hoki banget hoki apaan,katanya temen gue percaya deh abis kenal jadi hoki banget hoki apaan
Baru bangun tidur aja di FYP udah nongol ＰＵ𝙇𝘼𝙐𝙒𝙄𝙉 lagi.,baru bangun tidur aja di fyp udah nongol lagi,baru bangun tidur aja di fyp udah nongol lagi
Mgkn kita harusnya pake pelatih asal jepang. Sama sama asia,mgkn kita harusnya pake pelatih asal jepang sama sama asia,mgkn kita harusnya pake pelatih asal jepang sama sama asia
"Smoga menang.. yg mau ngehujat sabar dulu,, nanti abis nih match..😅",smoga menang yg mau ngehujat sabar dulu nanti abis nih match,smoga menang yang mau ngehujat sabar dulu nanti abis nih match
"Serius deh, kayaknya algoritma gue dikuasain sama ρυℓαυωιɴ.",serius deh kayaknya algoritma gue dikuasain sama,serius deh kayaknya algoritma gue dikuasain sama
"Gue cuma mau tenang scroll, tapi ＰＵ𝙇𝘼𝙐𝙒𝙄𝙉 muncul lagi muncul lagi 😭",gue cuma mau tenang scroll tapi muncul lagi muncul lagi,gue cuma mau tenang scroll tapi muncul lagi muncul lagi
"“Lu belum coba P͟U͟L͟A͟U͟W͟I͟N?” Belum, karena gue bahkan gak tau itu apa 😭",lu belum coba pulauwin belum karena gue bahkan gak tau itu apa,lu belum coba pulauwin belum karena gue bahkan gak tau itu apa
<i>Bismillaahirrahmaanirrahiim</i> 🤲🤲,ibismillaahirrahmaanirrahiimi,ibismillaahirrahmaanirrahiimi
Bismillahirrahmanirrahim ya Allah menang 🤲,bismillahirrahmanirrahim ya allah menang,bismillahirrahmanirrahim ya allah menang
"Nih tulisan 𝙋𝙐𝙇𝘼𝙐𝙒𝙄𝙉 aesthetic banget sih, tapi isinya apaan??",nih tulisan aesthetic banget sih tapi isinya apaan,nih tulisan aesthetic banget sih tapi isinya apaan
"Gue pikir awalnya typo, ternyata emang rame ngomongin ＰＵ𝙇𝘼𝙐𝙒𝙄𝙉.",gue pikir awalnya typo ternyata emang rame ngomongin,gue pikir awalnya typo ternyata emang rame ngomongin
"Kayaknya semua temen gue udah tau ＰＵ𝙇𝘼𝙐𝙒𝙄𝙉 deh, tinggal gue doang yang clueless.",kayaknya semua temen gue udah tau deh tinggal gue doang yang clueless,kayaknya semua temen gue udah tau deh tinggal gue doang yang clueless
Semoga Timnas dapat 3 poin<br>Tuhan Memberkati,semoga timnas dapat poinbrtuhan memberkati,semoga timnas dapat poinbrtuhan memberkati
Semoga Timnas dapat 3 poin<br>Tuhan Memberkati,semoga timnas dapat poinbrtuhan memberkati,semoga timnas dapat poinbrtuhan memberkati
"Gue pikir awalnya cuma nama tempat wisata, eh makin lama makin rame aja 𝙋𝙐𝙇𝘼𝙐𝙒𝙄𝙉.",gue pikir awalnya cuma nama tempat wisata eh makin lama makin rame aja,gue pikir awalnya cuma nama tempat wisata eh makin lama makin rame aja
"Pagi-pagi buka Twitter, P͟U͟L͟A͟U͟W͟I͟N trending, kenapa sih??",pagipagi buka twitter pulauwin trending kenapa sih,pagipagi buka twitter pulauwin trending kenapa sih
"Gue udah mulai takut, ini 𝙋𝙐𝙇𝘼𝙐𝙒𝙄𝙉 beneran tempat apa sekte online 😭",gue udah mulai takut ini beneran tempat apa sekte online,gue udah mulai takut ini beneran tempat apa sekte online
"Tiap hari makin banyak aja orang bahas ρυℓαυωιɴ, gue makin bingung sumpah.",tiap hari makin banyak aja orang bahas gue makin bingung sumpah,tiap hari makin banyak aja orang bahas gue makin bingung sumpah
Semoga Timnas dapat 3 poin<br>Tuhan Memberkati,semoga timnas dapat poinbrtuhan memberkati,semoga timnas dapat poinbrtuhan memberkati
Wis mengalir wae lurrr...  Ora berexpektasi duwurrrr...  Mengko tibo ne loro😢,wis mengalir wae lurrr ora berexpektasi duwurrrr mengko tibo ne loro,wis mengalir wae lurrr ora berexpektasi duwurrrr mengko tibo ne loro
njir kosidahan,njir kosidahan,njir kosidahan
Kalo jersey biasanya cuci ulang atau ambil baru lagi ya?,kalo jersey biasanya cuci ulang atau ambil baru lagi ya,kalo jersey biasanya cuci ulang atau ambil baru lagi ya
"Gue kira kemarin tuh nama lagu baru, ternyata 𝙋𝙐𝙇𝘼𝙐𝙒𝙄𝙉 bukan 💀",gue kira kemarin tuh nama lagu baru ternyata bukan,gue kira kemarin tuh nama lagu baru ternyata bukan
"“Coba aja dulu 𝙋𝙐𝙇𝘼𝙐𝙒𝙄𝙉” katanya, tapi coba apanya? 😭",coba aja dulu katanya tapi coba apanya,coba aja dulu katanya tapi coba apanya
"Kok di IG explore gue muncul terus sih ＰＵＬ𝘼𝙐𝙒𝙄𝙉, aneh bener.",kok di ig explore gue muncul terus sih aneh bener,kok di ig explore gue muncul terus sih aneh bener
"Nih 𝙋𝙐𝙇𝘼𝙐𝙒𝙄𝙉 apaan sih, kenapa kayak semua orang tau tapi gue doang yang kudet 😭",nih apaan sih kenapa kayak semua orang tau tapi gue doang yang kudet,nih apaan sih kenapa kayak semua orang tau tapi gue doang yang kudet
Lo juga sering liat gak sih tulisan ρυℓαυωιɴ di komenan random?,lo juga sering liat gak sih tulisan di komenan random,lo juga sering liat gak sih tulisan di komenan random
"Nih 𝙋𝙐𝙇𝘼𝙐𝙒𝙄𝙉 tiap buka TikTok pasti nongol lagi, apaan sih sebenernya 😭",nih tiap buka tiktok pasti nongol lagi apaan sih sebenernya,nih tiap buka tiktok pasti nongol lagi apaan sih sebenernya
"SEMANGAT GARUDA KU❤❤, KESEMPATAN DIDEPAN MATA 🇮🇩🇮🇩🇮🇩🇮🇩",semangat garuda ku kesempatan didepan mata,semangat garuda ku kesempatan didepan mata
Takut Dijahilin Wasit ❌<br><br>Takut Lihat Line-Up  ✅,takut dijahilin wasit brbrtakut lihat lineup,takut dijahilin wasit brbrtakut lihat lineup
Sudahlah.,sudahlah,sudahlah
coach patrick jgn macem macem yya line upnya,coach patrick jgn macem macem yya line upnya,coach patrick jgn macem macem yya line upnya
Do&#39;a terbaik buat timnas,doa terbaik buat timnas,doa terbaik buat timnas
🙏 full diaspora lawan irak,full diaspora lawan irak,full diaspora lawan irak
Hadir 3 Menit,hadir menit,hadir menit
proses!<br>piala asia nanti kita pasti matang!,prosesbrpiala asia nanti kita pasti matang,prosesbrpiala asia nanti kita pasti matang
Kalau pun menang nasib masih di tentukan sama irak dan arab saudi yg akan bermain terakhir dan itu klo seri pertandingan mereka kita juga nggak bakal lolos 😢,kalau pun menang nasib masih di tentukan sama irak dan arab saudi yg akan bermain terakhir dan itu klo seri pertandingan mereka kita juga nggak bakal lolos,kalau pun menang nasib masih di tentukan sama irak dan arab saudi yang akan bermain terakhir dan itu klo seri pertandingan mereka kita juga tidak bakal lolos
"Jangan dongo ya startingnya malam ini, kalau sampe lokal pret si Klok, Beckham, yakob fix emang tim kepelatihan ini gabisa baca situasi Dan memahami attribute setiap pemain. Intinya dongo dah",jangan dongo ya startingnya malam ini kalau sampe lokal pret si klok beckham yakob fix emang tim kepelatihan ini gabisa baca situasi dan memahami attribute setiap pemain intinya dongo dah,jangan dongo ya startingnya malam ini kalau sampe lokal pret si klok beckham yakob fix emang tim kepelatihan ini gabisa baca situasi dan memahami attribute setiap pemain intinya dongo dah
Bojan hodak cocok latih timnas dengan strategi counter attack 👍🏻,bojan hodak cocok latih timnas dengan strategi counter attack,bojan hodak cocok latih timnas dengan strategi counter attack
Ayo bismillah Garudaku,ayo bismillah garudaku,ayo bismillah garudaku
Petrik tai awas lu turunin len AP bobrok,petrik tai awas lu turunin len ap bobrok,petrik tai awas lu turunin len ap bobrok
Patrick out Alex  head coach,patrick out alex head coach,patrick out alex head coach
gua ga ikhlas kalau misal ga lolos,gua ga ikhlas kalau misal ga lolos,gua tidak ikhlas kalau misal tidak lolos
Hanya bisa ikhlas,hanya bisa ikhlas,hanya bisa ikhlas
Mending jadiin Pastor head coach,mending jadiin pastor head coach,mending jadiin pastor head coach
"Kalau kalah tolong sadar diri, ANGKAT KAKI !!",kalau kalah tolong sadar diri angkat kaki,kalau kalah tolong sadar diri angkat kaki
"Harusnya pakai Jersey away , karna akan bisa bawa kita menang 🎉",harusnya pakai jersey away karna akan bisa bawa kita menang,harusnya pakai jersey away karna akan bisa bawa kita menang
"Patrick ini kesempatan lu, nasib lu ditentuin malam ini",patrick ini kesempatan lu nasib lu ditentuin malam ini,patrick ini kesempatan lu nasib lu ditentuin malam ini
Bismillah... InsyaAllah diberi kemenangan,bismillah insyaallah diberi kemenangan,bismillah insyaallah diberi kemenangan
Menang g ni,menang g ni,menang g ni
